Id,SalePrice
1461,-13166.235037253005
1462,41307.46771271713
1463,39807.13563041983
1464,70638.2254768021
1465,69279.06422784878
1466,51683.1676054562
1467,63556.0761068298
1468,37621.970647060545
1469,79415.64843280916
1470,-16629.47965599154
1471,81088.97471197275
1472,-11196.532313179225
1473,-28672.999258231022
1474,25444.70846592437
1475,-10618.196054658038
1476,200275.7992120909
1477,122278.32792559662
1478,160694.81754531886
1479,157523.90119781182
1480,321430.74056915217
1481,176104.01309078396
1482,90198.6004756859
1483,58452.53578174359
1484,52632.88249852415
1485,66493.6354514244
1486,83372.10536115151
1487,174834.81532750686
1488,135864.0496058939
1489,58048.66369296319
1490,111987.92123927432
1491,86601.54038329422
1492,-37251.462093770504
1493,55120.25453434221
1494,170328.44227522798
1495,147274.6594308716
1496,106410.48416641902
1497,39025.27230920666
1498,37566.2649246864
1499,25850.935259738704
1500,23063.902621302055
1501,77702.64727594634
1502,19207.290298389154
1503,136436.06251289148
1504,111334.85712839267
1505,92925.86455405504
1506,77942.89938952075
1507,135270.69942324352
1508,78251.09717959305
1509,23675.368973634206
1510,22021.70341828675
1511,34987.476150303846
1512,70744.29058713955
1513,20689.337837181403
1514,52702.68537596078
1515,81827.0271070659
1516,28880.406750313006
1517,49744.041869937326
1518,-4875.300099858316
1519,115322.03066570638
1520,2379.1858297870494
1521,711.4121585106477
1522,68115.93086256098
1523,-39791.82090135425
1524,2387.192969794851
1525,-28349.914076340618
1526,-41209.57202053943
1527,-41040.65331553988
1528,11102.992031427799
1529,15154.791503868648
1530,103026.94288987387
1531,40611.46345713199
1532,-30134.671571109677
1533,61995.33558071649
1534,33395.447048915434
1535,22490.368273575907
1536,-40641.578067501076
1537,-80946.30828005995
1538,50440.480542179546
1539,105120.04462932074
1540,16811.186504373676
1541,37546.18080176017
1542,5444.36022855062
1543,84509.04127206374
1544,-42414.16332173516
1545,-17709.508843331714
1546,12947.86609503068
1547,29366.851493248018
1548,8169.799540573033
1549,-9051.202964006225
1550,3359.84125664772
1551,5361.40454227326
1552,-50.76316923671402
1553,42019.23495717603
1554,-7420.759213896701
1555,45776.04147679778
1556,-38792.548653627106
1557,-27830.838635222754
1558,-7450.568597971811
1559,-62726.34688963019
1560,-1296.370081684785
1561,-13273.978611319326
1562,13162.78497375641
1563,-15788.158369333018
1564,35891.44783577742
1565,4809.401058859192
1566,127846.21059574722
1567,-51110.913401102414
1568,122684.15172100812
1569,10200.869432433974
1570,11232.999904199154
1571,-26543.42136459099
1572,19555.97299583687
1573,144861.66163736407
1574,-7609.399855192751
1575,129293.02406728105
1576,137757.84309920692
1577,69891.37609416759
1578,31891.485715770512
1579,9698.57333334256
1580,74666.28203441016
1581,20283.545435250388
1582,-9813.977493181243
1583,183442.8767819826
1584,108951.4273627766
1585,31593.737703923136
1586,-60952.30834516254
1587,-6172.07145880349
1588,29947.834817549563
1589,-9184.9995854859
1590,6684.73126962618
1591,-47176.609567052394
1592,16682.334722751984
1593,1298.6773564346367
1594,12042.281191619928
1595,-24530.630267953034
1596,102057.28834721376
1597,54038.01765625097
1598,81048.16089139401
1599,79995.87107091979
1600,59519.13998700667
1601,-76674.28690805926
1602,-39.98288632766344
1603,-70697.1943044308
1604,139103.77589712222
1605,128069.9315736841
1606,43355.16640818794
1607,57767.406317349174
1608,94391.39934663987
1609,67261.63501157064
1610,23947.291034055874
1611,29831.83135668782
1612,61165.50736786914
1613,37791.360330741736
1614,17338.211855982197
1615,-49885.911792336614
1616,-73347.44991427113
1617,-62264.61560008244
1618,-9159.460137325339
1619,31742.854842136614
1620,28264.68800835847
1621,5541.202005341998
1622,6692.776098660892
1623,130804.4248848916
1624,99458.54505332082
1625,4029.213316780748
1626,67998.0272175544
1627,68514.78501046146
1628,156401.79936996102
1629,54206.57633112755
1630,200885.31173927884
1631,83320.62647255312
1632,104316.67622189247
1633,50553.517247805255
1634,58800.988270798465
1635,56048.0952463717
1636,33776.10383900395
1637,67797.301662012
1638,59206.78809228598
1639,68885.25516402512
1640,144214.8083132368
1641,63153.67266487877
1642,116413.4537051199
1643,71564.32328650914
1644,96476.97288864688
1645,107313.39592450578
1646,49504.91528007621
1647,28927.601407326525
1648,7781.382601640653
1649,13416.727716725552
1650,-25669.01091839932
1651,-17164.373289231444
1652,-13837.871283880319
1653,-10355.578469356522
1654,32310.367828527815
1655,20664.636107114144
1656,9138.244697497808
1657,23149.747943884227
1658,20128.488939965144
1659,-9176.648847234435
1660,13574.446259613382
1661,264672.8990632945
1662,202645.9551971031
1663,211924.25322349207
1664,273900.25040336675
1665,164453.29131689458
1666,197432.27176790277
1667,191318.12912399147
1668,215207.6314466839
1669,161938.57873315946
1670,196407.0844743941
1671,149403.31543099345
1672,276612.60724221135
1673,163750.7594561719
1674,119507.23835414206
1675,68258.00971015543
1676,69402.11434452934
1677,87416.58256031177
1678,303003.3831002059
1679,224303.41825200373
1680,169687.8093725273
1681,131732.35970371822
1682,174440.25406348077
1683,67687.13165603054
1684,54372.51885617804
1685,53499.45131220098
1686,49178.74933724501
1687,55923.482580343494
1688,83952.63528587366
1689,79355.70754649106
1690,81432.47049294715
1691,68660.93763887661
1692,135451.59502103692
1693,51909.04394436441
1694,57696.25487525202
1695,46775.07056953409
1696,125320.19230326125
1697,49090.80852240347
1698,213949.6072099232
1699,199688.08305038372
1700,117397.22079360834
1701,144508.31146073877
1702,121763.6709506514
1703,112581.39686619863
1704,152976.60496842721
1705,120262.91573540564
1706,221143.41731317714
1707,77747.40743940778
1708,82048.9279904603
1709,137278.6584054418
1710,100772.25963096693
1711,140465.03008654644
1712,136722.19125557423
1713,140718.14117236482
1714,92438.58069788199
1715,75694.99103301251
1716,65037.50036289892
1717,54098.520266286796
1718,15506.024099167204
1719,99616.12037694873
1720,119225.48823852139
1721,30761.73620077886
1722,-11899.338932513725
1723,17839.35953383078
1724,95277.64874619676
1725,112621.90707271255
1726,58443.96434240136
1727,30424.369061990757
1728,44516.70138192596
1729,44367.58171949512
1730,46547.287212852854
1731,-15070.643356484594
1732,-13903.764403312234
1733,-24351.979664921644
1734,-24981.655483354465
1735,-12665.504480700707
1736,-29214.75604524999
1737,177077.96086139663
1738,106305.75668985548
1739,135287.9808001353
1740,78441.79155739013
1741,65302.16985975462
1742,47096.83469318389
1743,62894.74396517861
1744,173969.4684500571
1745,100650.34887194354
1746,76166.62547057087
1747,91185.38750218996
1748,79180.71721181797
1749,36053.45197680907
1750,7086.709614688647
1751,135821.48328026873
1752,-17004.483974942472
1753,34043.04208623641
1754,92876.19523367053
1755,42458.281096406514
1756,-1703.6274956539273
1757,-19988.084619219182
1758,13039.393559083925
1759,30952.582736323006
1760,49878.82204903802
1761,41394.97413322562
1762,31503.181628812803
1763,71152.6281813652
1764,-25097.77731584292
1765,56245.78192855767
1766,79375.19782372564
1767,116773.83954199147
1768,20674.97026485717
1769,36877.56736583938
1770,34963.26813464193
1771,-19857.58686492557
1772,6098.015699893469
1773,-21460.27355025534
1774,28151.600695245666
1775,20975.27849203127
1776,7441.593894561054
1777,-6838.7028820712585
1778,15197.773103314685
1779,18951.50115067186
1780,47814.31097291573
1781,-4371.174244497437
1782,-70468.22641634004
1783,9012.118909921264
1784,-20291.123301580083
1785,-5900.137887143297
1786,-47829.44312079385
1787,30994.418307081563
1788,-80858.08324302529
1789,-18893.574130480876
1790,-84012.91753209708
1791,83526.4503876702
1792,42548.53924758406
1793,-3680.5671158175683
1794,58346.72294213227
1795,11747.971812888049
1796,8587.706180392532
1797,2158.3661820013076
1798,-17161.16080128029
1799,-32048.987875434104
1800,-18340.47652732872
1801,-24438.566225398798
1802,-7116.685227962444
1803,43062.71320519922
1804,14931.257915268769
1805,22263.453074459918
1806,14280.46185626625
1807,50970.52967575332
1808,-2859.6045609092107
1809,-2249.1117813438177
1810,13084.655318055768
1811,-40502.62406164693
1812,-16380.861026245519
1813,-5323.468306354014
1814,-18152.158658155706
1815,-97574.00438701786
1816,-13994.054264856735
1817,-6732.520883942489
1818,65503.07147263014
1819,1464.8167020506226
1820,-84169.5166741595
1821,-25910.358564291615
1822,26272.08174463315
1823,-79241.46433101059
1824,12968.831947106868
1825,-12050.704152506543
1826,-25443.032074085204
1827,-41518.207591095124
1828,10517.07291297731
1829,22652.827240146697
1830,36846.856261075474
1831,39441.16005919245
1832,-52390.953649014
1833,6401.152989021502
1834,10949.996926411404
1835,4792.224605150288
1836,3419.3862146870233
1837,-16541.653691034764
1838,-9671.045124983415
1839,6909.417428850429
1840,12796.124230229063
1841,-8556.641688799136
1842,-40745.98251262092
1843,9736.439743068884
1844,10032.395652809879
1845,-14387.162982060341
1846,29779.266328166705
1847,36978.22055119509
1848,-93747.366384461
1849,-14252.660273842048
1850,-9194.031585735735
1851,32170.518405407784
1852,-7868.346437601605
1853,15681.098044382292
1854,43405.61000361189
1855,19424.33236582554
1856,94838.4656102208
1857,14436.40950713167
1858,-5820.650652448647
1859,-24445.813523183577
1860,24531.06766923773
1861,-22517.25295808981
1862,150254.35486639803
1863,145258.58019768773
1864,145268.370140058
1865,209614.24773157574
1866,191720.9494416687
1867,104300.38108928199
1868,171136.22622601443
1869,93499.38272997586
1870,115884.85740855103
1871,128391.09104739479
1872,52254.89560198784
1873,109671.12805057084
1874,25680.977023286745
1875,67356.99949226296
1876,75934.03667052591
1877,94033.6634309577
1878,89293.17342572892
1879,-17905.935697330162
1880,8759.320285510272
1881,126986.15920540446
1882,123840.29943230445
1883,63653.58187044575
1884,78131.53843014408
1885,134304.32468265505
1886,157568.05934533523
1887,106170.02069012867
1888,156421.609258553
1889,47935.13149104512
1890,-10059.986399340909
1891,17812.424689420848
1892,-40394.4868433731
1893,16898.67322583124
1894,-5642.740773791214
1895,22503.598106235033
1896,-4442.607286222745
1897,-8851.981320877909
1898,-4732.673141806619
1899,13703.59334339411
1900,32581.796415079036
1901,36473.73642559501
1902,4913.311347402865
1903,87993.52619727247
1904,-2356.5969006792875
1905,69673.46499514428
1906,23848.918343158904
1907,80005.30290213949
1908,-13732.15387535328
1909,32591.90329943481
1910,2201.614446697291
1911,70648.59462505858
1912,165231.87465482065
1913,35649.900449573295
1914,-74017.90673849545
1915,147696.05501817225
1916,-145414.7724281795
1917,132730.39731369482
1918,10523.09823426453
1919,67798.20744227327
1920,50432.31042066566
1921,236208.26811480813
1922,190442.66129980027
1923,110907.89086548123
1924,118220.46434275585
1925,101460.22070128052
1926,226312.383364734
1927,6285.64065402979
1928,47726.866773865884
1929,-18428.469858798548
1930,-1172.7741893881466
1931,14810.59631244978
1932,6622.33192044124
1933,39689.77450511127
1934,54806.095591537305
1935,52707.53001135262
1936,64988.17583718884
1937,51259.02342082176
1938,43420.59071984701
1939,120476.60802305979
1940,71641.41945958091
1941,45994.93724744604
1942,75020.73077256489
1943,78329.27560525795
1944,176297.7545057832
1945,213466.43381918664
1946,-38380.956935591064
1947,113276.8928926274
1948,28759.491057316656
1949,137294.993920675
1950,82722.80592645262
1951,163575.4814173556
1952,114312.96542161005
1953,82459.06684071862
1954,81608.64155765693
1955,3404.678798990324
1956,168324.0883701644
1957,33650.16453469929
1958,165959.34218905517
1959,17167.110153576592
1960,-11589.274523626082
1961,-5470.62001445645
1962,-21431.891797361663
1963,-6610.7803210151615
1964,-24106.06283362815
1965,22225.029404231347
1966,7280.812906015082
1967,159757.83048507373
1968,249630.55987550016
1969,220851.73588046967
1970,238751.93617767154
1971,275539.21324622654
1972,226268.1477822871
1973,148007.6900062845
1974,179777.04654564138
1975,18359.207287130645
1976,173922.6220102762
1977,242620.9214046388
1978,197099.9984269574
1979,177581.07174634864
1980,71925.98508906295
1981,194772.5337425965
1982,101581.6255034327
1983,85007.48298211105
1984,56751.17931044754
1985,113364.95155691332
1986,109574.9791307887
1987,67577.88199025288
1988,58929.45189101808
1989,77896.22860329691
1990,103117.87030838174
1991,90195.35661526164
1992,114936.16971098213
1993,40426.55376354966
1994,106040.34367394424
1995,70293.10479395802
1996,174403.9333859384
1997,185190.89062096504
1998,183727.45177674748
1999,160912.53812054405
2000,179840.7215849182
2001,127301.86447638494
2002,107967.50677783578
2003,132561.24099789874
2004,155879.1174908497
2005,103387.64145298162
2006,81806.8624819495
2007,132600.2488891806
2008,92163.34084029065
2009,77515.54119718017
2010,91253.72957955848
2011,12584.334294232773
2012,67866.87040131935
2013,48759.36502597958
2014,62386.96080024238
2015,75596.76791700698
2016,67556.04635643051
2017,77127.2628616594
2018,-42157.6313759312
2019,7190.993620426161
2020,-60391.854869223316
2021,-34083.07772039744
2022,52179.98058697092
2023,-114.04681411047932
2024,147143.00280589703
2025,230584.59398828726
2026,52653.999456536025
2027,24278.49782210507
2028,31975.460440284456
2029,32293.931650745566
2030,138925.96718411357
2031,117801.77339208184
2032,118921.00668891496
2033,128444.93669142458
2034,42451.951542183524
2035,103180.7362933266
2036,91329.08230657037
2037,101985.56074116519
2038,178376.1207574627
2039,92017.51340091112
2040,208320.02408740798
2041,144286.43398319336
2042,72264.02746771683
2043,44068.70626430481
2044,52229.24558963196
2045,80832.21401747526
2046,3838.2268575006165
2047,5945.823758076644
2048,11614.369604797568
2049,3255.8498805154813
2050,50238.54699964635
2051,-9123.847120809136
2052,2551.7817644696916
2053,17362.272735325154
2054,-52870.72691742377
2055,37556.42447346856
2056,18032.26454154239
2057,-28437.94672134868
2058,95093.5037704939
2059,8236.659871166572
2060,72043.70508316508
2061,61316.83008137252
2062,-11532.205108041875
2063,-22426.085599185782
2064,11864.829395346576
2065,1087.3440619281027
2066,54297.471837602556
2067,-32821.48369104229
2068,10500.59277440398
2069,-45149.56328552024
2070,-19834.84705559141
2071,-50708.2912629497
2072,23143.295339810196
2073,-2903.6009906834224
2074,38640.34119910968
2075,29394.812835132005
2076,14633.75674830703
2077,17968.998036540113
2078,-21775.40646430792
2079,-1027.5205354833743
2080,-8191.507734622806
2081,-14088.353233421454
2082,-13752.201118792524
2083,15668.956731410697
2084,-32305.578131879214
2085,-31398.04846532148
2086,-11965.322056475445
2087,-6620.555688475142
2088,-23058.80441504484
2089,-49438.671982348256
2090,-5128.247282310622
2091,-54546.91978956718
2092,4172.563393318444
2093,5129.551747268299
2094,6945.891276549315
2095,29054.201159424032
2096,-41155.62544276763
2097,-8328.064411275205
2098,17679.414684590884
2099,-107077.52782974177
2100,-107461.12525803322
2101,-4141.027443316998
2102,15439.075391990365
2103,-40935.85105790233
2104,18672.085500132875
2105,37293.15572101122
2106,-106096.21776656591
2107,82687.52144825505
2108,12251.227597190533
2109,-30425.913976516575
2110,-71.34057297778782
2111,4007.4548167866888
2112,-9796.49838340364
2113,-11198.695603126544
2114,-11254.16491838824
2115,30766.910491157207
2116,-13072.077552862233
2117,16782.797863882268
2118,-8930.225126879988
2119,-872.9128368056845
2120,-9203.955836623441
2121,-29610.27136086661
2122,-33795.832555895206
2123,-30112.08121379814
2124,47527.93845431856
2125,5685.1753647462465
2126,20912.43097981997
2127,33655.13215800654
2128,24996.42115399381
2129,-57246.41058699472
2130,6103.911484184791
2131,787.0959732191404
2132,-10398.247278925846
2133,1923.4024893658934
2134,-11477.09115178755
2135,-30355.243293926935
2136,-99570.85417799221
2137,-35256.26502363628
2138,8950.636988769169
2139,19685.01732694218
2140,12410.068349431502
2141,44959.31062333321
2142,-2783.959709664574
2143,18001.5878147271
2144,-39289.86413711443
2145,19940.798716537538
2146,18307.92499902565
2147,12207.808525359374
2148,21414.65213557915
2149,33510.790573124075
2150,112218.80933956534
2151,-8632.87241808232
2152,75907.16340790363
2153,69551.59107135655
2154,-23008.103684950853
2155,22899.71318561351
2156,147865.02240659273
2157,121874.48679356708
2158,101025.32440370973
2159,96744.80936890526
2160,59716.58043564635
2161,125471.81357272551
2162,265718.8654932919
2163,194464.39759788278
2164,128570.75235850492
2165,74090.61105325632
2166,37455.19589396147
2167,92643.0927746814
2168,55587.69187651656
2169,78505.88480320224
2170,88465.40429119463
2171,22603.93590884097
2172,-3294.935179693741
2173,36834.340146366274
2174,112238.01489757164
2175,175386.0521072077
2176,166193.47982677794
2177,117618.7221337976
2178,100207.79706430668
2179,29445.37783326162
2180,104732.7779827133
2181,74964.90825257101
2182,108197.77760858764
2183,68655.87661873782
2184,-2335.321466354537
2185,-1250.6335216269363
2186,22604.094080132432
2187,34394.302558425115
2188,37266.41391661402
2189,158156.07516313472
2190,-63911.07950388815
2191,-46713.309413682204
2192,-50797.55324832874
2193,-9991.928122870508
2194,-9761.356629942078
2195,-17326.792439277982
2196,-22747.69772337086
2197,-23724.34830628778
2198,52754.6948059391
2199,59518.23337539658
2200,22465.454617115203
2201,12401.220078242011
2202,90905.38061501668
2203,-8284.88569241506
2204,27298.21793310647
2205,-23274.118409173796
2206,15764.676144530647
2207,82994.43309400138
2208,128478.68357326149
2209,68154.67066062219
2210,-2726.9900115169585
2211,-12133.042852127808
2212,9217.552419087151
2213,-15459.741187956999
2214,3376.933421246824
2215,-27076.513381961733
2216,30816.026758562075
2217,-96663.31488112523
2218,-18504.049596903846
2219,-10942.940124286804
2220,-29886.00912901247
2221,148109.47302142542
2222,137903.12801527663
2223,166883.00259844295
2224,104328.26221691526
2225,-9474.590790905524
2226,53836.71580236475
2227,98635.60324993369
2228,162615.84861812124
2229,114392.37967620406
2230,14350.657237281557
2231,83241.01689584332
2232,62254.68478079408
2233,66114.23102248716
2234,134644.04315147572
2235,100305.61570001254
2236,136507.63874351303
2237,192171.48006404028
2238,95158.94435663859
2239,-21117.591242899187
2240,47746.463288020226
2241,49791.64846032625
2242,-8592.20996262692
2243,-9241.742466882919
2244,-27947.305919722654
2245,-29330.253654294997
2246,12364.151408246486
2247,4325.467147834366
2248,-17395.63834226411
2249,-14042.439816858503
2250,-530.7801312627271
2251,-51020.86557489558
2252,72529.62889011821
2253,32591.367542724824
2254,48559.24722327886
2255,66670.88527318381
2256,56477.458320582635
2257,69886.4436741561
2258,45604.308880921104
2259,48861.15323881968
2260,15953.561397581594
2261,56165.417549922946
2262,74127.05690239382
2263,212351.2098860608
2264,271542.95942644635
2265,41022.51891593682
2266,148227.66513461538
2267,230799.84334619693
2268,193592.20321680978
2269,26054.13167459378
2270,82751.18086630793
2271,115184.91418881575
2272,72904.085536191
2273,58132.35234680213
2274,65058.10868871224
2275,39895.24921503663
2276,66470.89374389476
2277,48427.117991389474
2278,25320.83984122798
2279,-22510.760330018005
2280,-17827.37163720606
2281,50592.17814686219
2282,63673.503435417544
2283,-3064.4468710846268
2284,-8886.61709473608
2285,14047.424432852771
2286,-7129.943360597594
2287,205099.6106182431
2288,145028.38994751195
2289,193574.30214584677
2290,244976.34614706424
2291,194705.96311388118
2292,256955.1383786092
2293,275747.97118298453
2294,234114.76160309138
2295,289869.8070354933
2296,123833.9427332111
2297,180635.96581519872
2298,195923.10294825688
2299,220339.98240705766
2300,186668.08260452654
2301,157433.79539315845
2302,136011.7138175927
2303,125790.17215246335
2304,121460.20530198363
2305,65838.8922238535
2306,68778.25948488712
2307,75400.21790489054
2308,102331.76732750435
2309,150704.66219265852
2310,83807.24495435541
2311,89301.18721113564
2312,41365.67805386812
2313,36581.54850291682
2314,51558.48228905245
2315,51642.59866025089
2316,66740.42279001698
2317,73038.49164558784
2318,47532.06950779527
2319,63687.932443589554
2320,63634.43535773642
2321,130845.78613953246
2322,72445.81311841565
2323,64947.166250798386
2324,67006.63233796228
2325,80085.03061563557
2326,56243.44605134067
2327,88344.78253104188
2328,97127.01651385007
2329,64249.89832349459
2330,58350.102455702145
2331,208015.38130503485
2332,229755.65218196646
2333,177608.5570605027
2334,133813.237233866
2335,150860.49344087462
2336,176776.42261184636
2337,56727.551424086676
2338,124451.97979695362
2339,109913.73647888156
2340,249265.2124874415
2341,74244.064817913
2342,116958.98876241222
2343,103557.26451315079
2344,91035.17959787662
2345,117574.94383136171
2346,75413.01851215062
2347,62609.6885112772
2348,109374.67078753177
2349,60189.73676588375
2350,157531.86937461176
2351,121616.46026863519
2352,132588.28893423127
2353,130870.98448907328
2354,12968.037206719862
2355,22646.106568441144
2356,18848.12218468869
2357,84172.93320103816
2358,64947.7439519302
2359,-4112.725605851738
2360,-4947.961661506328
2361,25187.243155531818
2362,145248.33774789213
2363,18584.037170701427
2364,52749.08795931924
2365,103899.96692267992
2366,66388.75725024578
2367,86876.99063739704
2368,66172.94237674505
2369,77536.81493447314
2370,36180.29488090519
2371,20180.8915170026
2372,59581.03945055988
2373,152334.61922368803
2374,198232.24837816192
2375,122801.48755029682
2376,196192.72718322917
2377,208875.51080797974
2378,23093.200500005274
2379,85400.64676853688
2380,14824.893900431227
2381,62738.75356068998
2382,110188.02063100296
2383,97830.19231083058
2384,126147.68421524053
2385,42400.881077154074
2386,24114.861252582166
2387,-971.3386859220918
2388,-7591.290427137399
2389,-5504.516929497127
2390,27512.078222915065
2391,20986.24023413565
2392,-21015.565306846518
2393,60234.85900023498
2394,4788.636293932563
2395,79740.4931847984
2396,16403.874719604966
2397,103488.5268099031
2398,-8496.085420507006
2399,-78378.60833557794
2400,-70857.8863917992
2401,-26018.86795208836
2402,24787.41831041593
2403,11694.27132423548
2404,16944.374858689145
2405,47763.27144294814
2406,18822.25653037685
2407,16461.756013127626
2408,39815.66052080458
2409,-9959.163644122775
2410,75026.09765051957
2411,-18531.298231469933
2412,30908.173156592762
2413,-7901.3806008780375
2414,21987.636005941313
2415,3979.204136318178
2416,5711.5245266563725
2417,15985.171365252114
2418,5739.867975094006
2419,695.3241024636663
2420,-10541.652619942091
2421,257913.37847260106
2422,-38033.39288197784
2423,859.2903709448874
2424,-9472.842665339005
2425,69063.08863424661
2426,17049.491051248624
2427,14590.70374659379
2428,54570.05126393598
2429,-25982.531791638117
2430,9629.912741222419
2431,-41271.14167143352
2432,10919.9173535374
2433,15143.226025373093
2434,205.53799551457632
2435,22960.50289959996
2436,-14331.04503249051
2437,-46445.765237572836
2438,-21965.994256981765
2439,-17977.873192386236
2440,-244.44398430804722
2441,2158.0577352009714
2442,-32398.774571756832
2443,16911.35711809527
2444,10834.128601879696
2445,-13755.177594655543
2446,-13111.914440359455
2447,83218.15935949562
2448,20842.011935010552
2449,-13255.187922821031
2450,33076.6264441926
2451,-7694.433760557207
2452,76774.67062022584
2453,-29845.471286258427
2454,-7736.539267262444
2455,15581.017106988584
2456,-20568.052083616727
2457,4367.5678801983595
2458,4873.08044239739
2459,-37275.730795658426
2460,9602.658801667043
2461,-6528.776943768607
2462,-2933.561217569979
2463,8716.69075299881
2464,55586.56058956287
2465,23203.772197838174
2466,-2690.4390160740586
2467,21363.052738522878
2468,-66569.08837445598
2469,-64250.350191346195
2470,70272.91251357784
2471,118394.8231114836
2472,40739.81879203068
2473,-7052.061217392562
2474,-126928.46027272206
2475,115242.24217036366
2476,-39919.07990939118
2477,-28301.236161686364
2478,33295.39806490322
2479,-45953.871301795996
2480,19546.107432862278
2481,-1726.9497450382914
2482,-2886.794608862605
2483,-20790.49902156135
2484,6352.83741558576
2485,-3317.257570428541
2486,-6391.413062871085
2487,54778.1700031315
2488,51475.17055812455
2489,17351.962264131056
2490,56011.3818701898
2491,-22480.83978682733
2492,79191.9847088512
2493,22383.93350104615
2494,7538.250267465599
2495,-72747.0609341943
2496,117678.68601530953
2497,33320.473455136875
2498,-31386.41836026963
2499,-48478.45970176975
2500,-5220.266147994436
2501,30025.652073269477
2502,21105.696638281923
2503,-40381.02382599353
2504,317184.90340130613
2505,99777.17700664944
2506,134910.67843992647
2507,162896.52108418953
2508,131570.19035344955
2509,112254.69228015991
2510,103464.76319249172
2511,65524.581036630785
2512,83984.48288879474
2513,110963.30712582497
2514,144947.10196437873
2515,11158.717368113459
2516,51015.88230866543
2517,7577.7900313313585
2518,23155.700747543946
2519,100127.78185439447
2520,98482.76174176694
2521,71799.64716643398
2522,104271.42568677408
2523,-14308.37784335902
2524,6947.859908271581
2525,1875.5255262493156
2526,4282.511545869056
2527,-18587.7587618056
2528,10324.11343165324
2529,6744.741403455846
2530,-11962.738790818374
2531,121453.59734504111
2532,99059.589177966
2533,88503.71279089688
2534,135493.18425337167
2535,163772.69852029707
2536,124363.91237872082
2537,129727.0131197148
2538,62288.36102948384
2539,78640.29324822559
2540,52014.73973695829
2541,61497.19825548958
2542,39687.893673878745
2543,-861.3872160047758
2544,-11688.823527991655
2545,11944.483673431212
2546,18887.57196108089
2547,29067.275829247665
2548,39111.14500295208
2549,27607.573657369474
2550,551602.3099222159
2551,29811.29138547252
2552,17648.693938794662
2553,-39887.67370642704
2554,-41037.6717146727
2555,-9628.543789133313
2556,-59534.10946580203
2557,-32891.373144215846
2558,33288.78241677547
2559,-3531.0289167473093
2560,15317.77787596872
2561,17371.944817281677
2562,15157.80458376219
2563,-1608.9666904555634
2564,56679.1658872813
2565,13202.62787422177
2566,-110.82773533370346
2567,-30912.059849528247
2568,66088.62109057372
2569,84237.04316490993
2570,-9656.664816623088
2571,34964.7847264976
2572,56286.0793777752
2573,121420.1829060223
2574,-131152.49401741382
2575,25616.240720383823
2576,-12179.549564331537
2577,-3346.580011345446
2578,-49464.31195409427
2579,-123730.43584537948
2580,-31332.65826043405
2581,-5896.4489713201765
2582,1814.7547869579867
2583,146080.97017166123
2584,60118.427358398214
2585,66130.30089565122
2586,99502.23104481283
2587,80804.01387160877
2588,9521.903448801255
2589,39033.673434050055
2590,108102.93699107016
2591,125576.27797653526
2592,96189.19747743744
2593,122203.18054749013
2594,65097.45224250178
2595,93021.20372902532
2596,201007.59537228686
2597,70877.65558923967
2598,147106.02567602368
2599,166964.29123852157
2600,440775.58141748013
2601,45059.87153659691
2602,-76402.51576024579
2603,-47162.57888777059
2604,-48558.966439547075
2605,-72801.17625440471
2606,30625.413164673373
2607,98816.79235054413
2608,67914.34552849107
2609,49389.28556337557
2610,-13276.409886268666
2611,14871.845471866429
2612,29563.737875212217
2613,3301.0464610860217
2614,-21952.537634962122
2615,36204.445605187444
2616,53208.590271452675
2617,75366.96142186294
2618,130369.34535271779
2619,117860.76945865084
2620,52417.51727353409
2621,47557.90931547561
2622,61790.61863853061
2623,116462.09736470203
2624,172034.65778012644
2625,144221.11613176274
2626,47046.23014489608
2627,39865.617665204685
2628,278426.39674794755
2629,284233.8776470446
2630,203648.3851721756
2631,276108.64721538534
2632,239640.3807026603
2633,164999.3358959807
2634,231375.16260518238
2635,49747.6761278105
2636,39631.0397201929
2637,67951.81309146655
2638,124890.99018180033
2639,75281.79186006915
2640,31024.910251055146
2641,-41337.94160225085
2642,63598.32264033356
2643,-8195.359202096937
2644,773.407557236962
2645,-8977.939539335202
2646,-22419.28485260182
2647,-15349.367416331777
2648,15883.25231565861
2649,20506.145905060344
2650,15270.029788617627
2651,6859.187961875228
2652,223778.94999187428
2653,135178.21810455993
2654,120092.48887140339
2655,249790.05183107685
2656,194454.83494268067
2657,184698.57787731127
2658,150861.161483599
2659,161089.7143240493
2660,201071.83549305506
2661,194793.33434183302
2662,222421.32925573713
2663,160658.87809381715
2664,141797.81398757617
2665,193939.82053361705
2666,144646.87274896365
2667,46676.941934068804
2668,58586.951414566254
2669,57300.771175290574
2670,158592.2262856312
2671,71711.781655033
2672,72927.39052510727
2673,82295.04147059715
2674,97001.05485808232
2675,54751.68471848511
2676,74842.76386619813
2677,85760.8040420973
2678,120456.65472348419
2679,151631.11556453933
2680,164768.50057428214
2681,246412.35493545467
2682,180839.327754074
2683,320343.1323233758
2684,177237.8640384206
2685,191490.9155149695
2686,115916.10786797607
2687,127560.50765776879
2688,99285.08235301764
2689,74211.82068756327
2690,238028.83116571105
2691,62768.90073573217
2692,20137.79858135339
2693,78817.94659458066
2694,5524.554179334431
2695,89822.4006234319
2696,70980.06840258976
2697,57197.19941054913
2698,76681.48003670864
2699,45414.94782080036
2700,24681.931866812054
2701,12236.357010303298
2702,-25987.50599859364
2703,12032.97395264008
2704,6711.486216946738
2705,-63257.53830394789
2706,-47528.30842126947
2707,-25681.68927828921
2708,-17995.111613987247
2709,-19595.319451043266
2710,-4760.137400591513
2711,522391.6067505294
2712,243587.47609185777
2713,44521.51631387626
2714,12797.315304435091
2715,39021.78803386586
2716,17635.151779199485
2717,56696.44592520455
2718,88029.44331931113
2719,6439.1272798462305
2720,74786.94173779653
2721,2211.6730340672657
2722,59099.08138783497
2723,41248.51240196952
2724,-8961.278686331818
2725,-5161.676753671607
2726,14150.531023247167
2727,28493.3661579435
2728,62913.96981481486
2729,5297.539783918532
2730,18260.095923660672
2731,-2600.6944075569045
2732,-9303.554984599468
2733,31280.96491572028
2734,15535.860969702597
2735,15617.254269882571
2736,-7177.211358744069
2737,-23390.449747140752
2738,-5920.072864052374
2739,28664.77920185658
2740,31075.450515823904
2741,21804.61173400609
2742,55781.34846121841
2743,42798.33166229259
2744,31752.947922694613
2745,40091.953756770235
2746,-8721.495733533287
2747,36111.311774229864
2748,-10733.41803097492
2749,7636.703486947343
2750,-3499.3566230209544
2751,3488.177519012708
2752,61761.26970650279
2753,21348.244581855135
2754,85813.31425259775
2755,9507.054644299904
2756,-51735.4492206985
2757,-69226.85891624895
2758,-4540.582445616135
2759,31715.476155459415
2760,13652.527562538278
2761,13300.68539671111
2762,12004.434049154515
2763,58492.77132108132
2764,36907.07600580226
2765,156849.14188563114
2766,-6943.740421943716
2767,-69564.7215565134
2768,-13262.420851462986
2769,-5030.973656811751
2770,31689.34181594453
2771,-41668.978056351654
2772,-34390.87376166228
2773,50424.670994760236
2774,20673.777974159108
2775,21561.558013585513
2776,32182.32899922505
2777,31869.60602148832
2778,12400.707013700972
2779,-10321.400025516632
2780,-27449.069440737367
2781,-43589.629260022775
2782,-38276.66273039114
2783,-28131.73681447236
2784,-15081.775253603468
2785,-4433.719456720166
2786,-67838.74027418491
2787,17868.402745810687
2788,-67229.29532388499
2789,54717.49721820443
2790,-31897.943855422083
2791,-20022.7584999681
2792,-52813.74532949459
2793,62624.05063683516
2794,-44639.08653491718
2795,856.0023043412948
2796,-53163.378681589966
2797,55255.031866125064
2798,3800.7603354494786
2799,4484.896467494662
2800,-62232.76938385074
2801,-2096.8732250533067
2802,-1927.1058086457197
2803,22624.850095587666
2804,9401.581890283618
2805,-11693.113142250571
2806,-70872.2742223249
2807,53376.69600258034
2808,23841.313578924164
2809,-11795.611610688735
2810,-2876.111350492225
2811,44241.478066230426
2812,36642.255409909994
2813,25478.411497248802
2814,25793.608673802228
2815,-34919.618896630825
2816,112864.69551554369
2817,41013.719087299076
2818,2204.935395527864
2819,81320.10187101667
2820,-301.8861154108308
2821,-30982.01937450783
2822,79457.63773508836
2823,161528.50488557713
2824,44291.41170552769
2825,50365.029593110434
2826,18019.61163935694
2827,6194.4377347700065
2828,111443.64100203628
2829,110616.90136399586
2830,107271.77603542188
2831,69328.72070179076
2832,114389.74728932872
2833,163714.55019318068
2834,98965.65832760686
2835,105114.93974764505
2836,85556.8805522446
2837,51472.253995714476
2838,13268.714931297814
2839,33960.96520567173
2840,77420.40823050926
2841,79519.01857293514
2842,111834.74521732621
2843,22059.413723548874
2844,50605.87853768782
2845,-8574.447143819183
2846,84427.69643677643
2847,87009.86499271332
2848,100073.01517943712
2849,82170.98361884733
2850,163576.17111570796
2851,96175.9755499924
2852,131201.15009606362
2853,103179.40368470491
2854,34262.963451319374
2855,90818.50917407474
2856,76671.41516603704
2857,67833.56661168044
2858,91637.56272654876
2859,-21707.990747578326
2860,-1983.882548824884
2861,11097.04070410051
2862,101718.56352857454
2863,18660.89197996864
2864,148145.3409764968
2865,18915.409538114793
2866,35104.38816561154
2867,-28824.189787185867
2868,-12483.1133417635
2869,-20333.407870738884
2870,-14711.840047587757
2871,-68403.2012093644
2872,-118587.36190371757
2873,-33913.688342641806
2874,49386.96600340307
2875,-3107.6549431408057
2876,49899.98763913207
2877,12240.583145995624
2878,36207.858805449796
2879,3758.979281236534
2880,-20537.663141313475
2881,-18711.564630481764
2882,53863.603340948
2883,64546.36035112769
2884,85794.84066927759
2885,38337.368982197135
2886,121252.95374399726
2887,-30707.77983697597
2888,17427.941285467357
2889,-75551.67422627291
2890,-57029.81283980113
2891,21636.798017572728
2892,-92493.89929596422
2893,-50880.22856045776
2894,-58731.51443191257
2895,178534.29060058692
2896,144890.92650247598
2897,107736.98948959226
2898,48288.96550571523
2899,104566.34839476657
2900,42966.987303189235
2901,85357.2867557013
2902,59598.8159675349
2903,182574.58968105994
2904,207012.14001316135
2905,-86946.57809793949
2906,103109.10287661245
2907,-15526.04349453072
2908,-12453.35622214945
2909,27877.729881798383
2910,-58621.77108536998
2911,-77365.66931243171
2912,37730.48127847852
2913,-65275.592099960486
2914,-73238.91662285425
2915,-58011.32806289365
2916,-54559.906594019616
2917,44638.90465878218
2918,-19737.959818634437
2919,130819.12786371482
